{"designerVersion":"1.4.26","id":"c027574c-6a58-45dd-9811-51d3a8dd7682","name":"testMultiSelection","type":"page","lastUpdate":1490286897278,"rows":[[{"type":"component","dimension":{"xs":12,"sm":12,"md":12,"lg":12},"propertyValues":{"cssClasses":{"type":"constant","value":""},"hidden":{"type":"constant","value":false},"value":{"type":"variable","value":"temp.value"},"availableValues":{"type":"expression","value":"listCustomers"},"buttonLabel":{"type":"constant","value":"compania poliza"},"itemLabel":{"type":"constant","value":"compania poliza"},"outputProperties":{"type":"constant","value":""}},"reference":"dd2ab7e9-2a38-4be9-b433-be7d22978cc4","id":"customMultiSelection"}],[{"type":"component","dimension":{"xs":12,"sm":12,"md":12,"lg":12},"propertyValues":{"cssClasses":{"type":"constant","value":""},"hidden":{"type":"constant","value":false},"text":{"type":"interpolation","value":"<pre>{{temp | json}}</pre>"},"alignment":{"type":"constant","value":"left"}},"reference":"e9d57e37-b00f-4162-84f3-bce0a72f463e","id":"pbText"}]],"assets":[{"id":"f337aa0e-9f62-46cc-ae1f-23c1b76db88c","name":"localization.json","type":"json","order":0,"external":false}],"inactiveAssets":[],"data":{"listCustomers":{"type":"json","value":"[{\r\n  \"compania\": \"BBVA\",\r\n  \"poliza\": \"123123\",\r\n  \"id\": \"12312312F\",\r\n  \"telefono\": \"651123221\",\r\n  \"domicilio\": \"Calle el alabaricoque, n10 - 38000 - Albacete\",\r\n  \"nombreApellidos\": \"Federico Trillo\"\r\n},\r\n{\r\n  \"compania\": \"BBVA\",\r\n  \"poliza\": \"1114414\",\r\n  \"id\": \"232256776T\",\r\n  \"telefono\": \"654448795\",\r\n  \"domicilio\": \"Calle gustave Eiffel, n32 - 38000 - Grenoble\",\r\n  \"nombreApellidos\": \"Gonzalo de Berceo\"\r\n},\r\n{\r\n  \"compania\": \"Santander\",\r\n  \"poliza\": \"65466\",\r\n  \"id\": \"987321654F\",\r\n  \"telefono\": \"987654321\",\r\n  \"domicilio\": \"Calle El quinto pino, n5 - 98655 - Leon\",\r\n  \"nombreApellidos\": \"Antonio Banderas\"\r\n},\r\n{\r\n  \"compania\": \"Santander\",\r\n  \"poliza\": \"42823\",\r\n  \"id\": \"123456678E\",\r\n  \"telefono\": \"666999888\",\r\n  \"domicilio\": \"Avenida America, n1 - 09500 - Burgos\",\r\n  \"nombreApellidos\": \"Richard Gere\"\r\n},\r\n{\r\n  \"compania\": \"Santander\",\r\n  \"poliza\": \"8768678\",\r\n  \"id\": \"951459988O\",\r\n  \"telefono\": \"654987321\",\r\n  \"domicilio\": \"Calle Benedicto papal, n99 - 45000 - Cordoba\",\r\n  \"nombreApellidos\": \"Francisco De Asis\"\r\n},{\r\n  \"compania\": \"BBVA\",\r\n  \"poliza\": \"123123\",\r\n  \"id\": \"12312312F\",\r\n  \"telefono\": \"651123221\",\r\n  \"domicilio\": \"Calle el alabaricoque, n10 - 38000 - Albacete\",\r\n  \"nombreApellidos\": \"Federico Trillo\"\r\n},\r\n{\r\n  \"compania\": \"BBVA\",\r\n  \"poliza\": \"1114414\",\r\n  \"id\": \"232256776T\",\r\n  \"telefono\": \"654448795\",\r\n  \"domicilio\": \"Calle gustave Eiffel, n32 - 38000 - Grenoble\",\r\n  \"nombreApellidos\": \"Gonzalo de Berceo\"\r\n},\r\n{\r\n  \"compania\": \"Santander\",\r\n  \"poliza\": \"65466\",\r\n  \"id\": \"987321654F\",\r\n  \"telefono\": \"987654321\",\r\n  \"domicilio\": \"Calle El quinto pino, n5 - 98655 - Leon\",\r\n  \"nombreApellidos\": \"Antonio Banderas\"\r\n},\r\n{\r\n  \"compania\": \"Santander\",\r\n  \"poliza\": \"42823\",\r\n  \"id\": \"123456678E\",\r\n  \"telefono\": \"666999888\",\r\n  \"domicilio\": \"Avenida America, n1 - 09500 - Burgos\",\r\n  \"nombreApellidos\": \"Richard Gere\"\r\n},\r\n{\r\n  \"compania\": \"Santander\",\r\n  \"poliza\": \"8768678\",\r\n  \"id\": \"951459988O\",\r\n  \"telefono\": \"654987321\",\r\n  \"domicilio\": \"Calle Benedicto papal, n99 - 45000 - Cordoba\",\r\n  \"nombreApellidos\": \"Francisco De Asis\"\r\n},\r\n{\r\n  \"compania\": \"BBVA\",\r\n  \"poliza\": \"123123\",\r\n  \"id\": \"12312312F\",\r\n  \"telefono\": \"651123221\",\r\n  \"domicilio\": \"Calle el alabaricoque, n10 - 38000 - Albacete\",\r\n  \"nombreApellidos\": \"Federico Trillo\"\r\n},\r\n{\r\n  \"compania\": \"BBVA\",\r\n  \"poliza\": \"1114414\",\r\n  \"id\": \"232256776T\",\r\n  \"telefono\": \"654448795\",\r\n  \"domicilio\": \"Calle gustave Eiffel, n32 - 38000 - Grenoble\",\r\n  \"nombreApellidos\": \"Gonzalo de Berceo\"\r\n},\r\n{\r\n  \"compania\": \"Santander\",\r\n  \"poliza\": \"65466\",\r\n  \"id\": \"987321654F\",\r\n  \"telefono\": \"987654321\",\r\n  \"domicilio\": \"Calle El quinto pino, n5 - 98655 - Leon\",\r\n  \"nombreApellidos\": \"Antonio Banderas\"\r\n},\r\n{\r\n  \"compania\": \"Santander\",\r\n  \"poliza\": \"42823\",\r\n  \"id\": \"123456678E\",\r\n  \"telefono\": \"666999888\",\r\n  \"domicilio\": \"Avenida America, n1 - 09500 - Burgos\",\r\n  \"nombreApellidos\": \"Richard Gere\"\r\n},\r\n{\r\n  \"compania\": \"Santander\",\r\n  \"poliza\": \"8768678\",\r\n  \"id\": \"951459988O\",\r\n  \"telefono\": \"654987321\",\r\n  \"domicilio\": \"Calle Benedicto papal, n99 - 45000 - Cordoba\",\r\n  \"nombreApellidos\": \"Francisco De Asis\"\r\n},{\r\n  \"compania\": \"BBVA\",\r\n  \"poliza\": \"123123\",\r\n  \"id\": \"12312312F\",\r\n  \"telefono\": \"651123221\",\r\n  \"domicilio\": \"Calle el alabaricoque, n10 - 38000 - Albacete\",\r\n  \"nombreApellidos\": \"Federico Trillo\"\r\n},\r\n{\r\n  \"compania\": \"BBVA\",\r\n  \"poliza\": \"1114414\",\r\n  \"id\": \"232256776T\",\r\n  \"telefono\": \"654448795\",\r\n  \"domicilio\": \"Calle gustave Eiffel, n32 - 38000 - Grenoble\",\r\n  \"nombreApellidos\": \"Gonzalo de Berceo\"\r\n},\r\n{\r\n  \"compania\": \"Santander\",\r\n  \"poliza\": \"65466\",\r\n  \"id\": \"987321654F\",\r\n  \"telefono\": \"987654321\",\r\n  \"domicilio\": \"Calle El quinto pino, n5 - 98655 - Leon\",\r\n  \"nombreApellidos\": \"Antonio Banderas\"\r\n},\r\n{\r\n  \"compania\": \"Santander\",\r\n  \"poliza\": \"42823\",\r\n  \"id\": \"123456678E\",\r\n  \"telefono\": \"666999888\",\r\n  \"domicilio\": \"Avenida America, n1 - 09500 - Burgos\",\r\n  \"nombreApellidos\": \"Richard Gere\"\r\n},\r\n{\r\n  \"compania\": \"Santander\",\r\n  \"poliza\": \"8768678\",\r\n  \"id\": \"951459988O\",\r\n  \"telefono\": \"654987321\",\r\n  \"domicilio\": \"Calle Benedicto papal, n99 - 45000 - Cordoba\",\r\n  \"nombreApellidos\": \"Francisco De Asis\"\r\n},\r\n{\r\n  \"compania\": \"BBVA\",\r\n  \"poliza\": \"123123\",\r\n  \"id\": \"12312312F\",\r\n  \"telefono\": \"651123221\",\r\n  \"domicilio\": \"Calle el alabaricoque, n10 - 38000 - Albacete\",\r\n  \"nombreApellidos\": \"Federico Trillo\"\r\n},\r\n{\r\n  \"compania\": \"BBVA\",\r\n  \"poliza\": \"1114414\",\r\n  \"id\": \"232256776T\",\r\n  \"telefono\": \"654448795\",\r\n  \"domicilio\": \"Calle gustave Eiffel, n32 - 38000 - Grenoble\",\r\n  \"nombreApellidos\": \"Gonzalo de Berceo\"\r\n},\r\n{\r\n  \"compania\": \"Santander\",\r\n  \"poliza\": \"65466\",\r\n  \"id\": \"987321654F\",\r\n  \"telefono\": \"987654321\",\r\n  \"domicilio\": \"Calle El quinto pino, n5 - 98655 - Leon\",\r\n  \"nombreApellidos\": \"Antonio Banderas\"\r\n},\r\n{\r\n  \"compania\": \"Santander\",\r\n  \"poliza\": \"42823\",\r\n  \"id\": \"123456678E\",\r\n  \"telefono\": \"666999888\",\r\n  \"domicilio\": \"Avenida America, n1 - 09500 - Burgos\",\r\n  \"nombreApellidos\": \"Richard Gere\"\r\n},\r\n{\r\n  \"compania\": \"Santander\",\r\n  \"poliza\": \"8768678\",\r\n  \"id\": \"951459988O\",\r\n  \"telefono\": \"654987321\",\r\n  \"domicilio\": \"Calle Benedicto papal, n99 - 45000 - Cordoba\",\r\n  \"nombreApellidos\": \"Francisco De Asis\"\r\n},\r\n{\r\n  \"compania\": \"BBVA\",\r\n  \"poliza\": \"123123\",\r\n  \"id\": \"12312312F\",\r\n  \"telefono\": \"651123221\",\r\n  \"domicilio\": \"Calle el alabaricoque, n10 - 38000 - Albacete\",\r\n  \"nombreApellidos\": \"Federico Trillo\"\r\n},\r\n{\r\n  \"compania\": \"BBVA\",\r\n  \"poliza\": \"1114414\",\r\n  \"id\": \"232256776T\",\r\n  \"telefono\": \"654448795\",\r\n  \"domicilio\": \"Calle gustave Eiffel, n32 - 38000 - Grenoble\",\r\n  \"nombreApellidos\": \"Gonzalo de Berceo\"\r\n},\r\n{\r\n  \"compania\": \"Santander\",\r\n  \"poliza\": \"65466\",\r\n  \"id\": \"987321654F\",\r\n  \"telefono\": \"987654321\",\r\n  \"domicilio\": \"Calle El quinto pino, n5 - 98655 - Leon\",\r\n  \"nombreApellidos\": \"Antonio Banderas\"\r\n},\r\n{\r\n  \"compania\": \"Santander\",\r\n  \"poliza\": \"42823\",\r\n  \"id\": \"123456678E\",\r\n  \"telefono\": \"666999888\",\r\n  \"domicilio\": \"Avenida America, n1 - 09500 - Burgos\",\r\n  \"nombreApellidos\": \"Richard Gere\"\r\n},\r\n{\r\n  \"compania\": \"Santander\",\r\n  \"poliza\": \"8768678\",\r\n  \"id\": \"951459988O\",\r\n  \"telefono\": \"654987321\",\r\n  \"domicilio\": \"Calle Benedicto papal, n99 - 45000 - Cordoba\",\r\n  \"nombreApellidos\": \"Francisco De Asis\"\r\n},\r\n{\r\n  \"compania\": \"BBVA\",\r\n  \"poliza\": \"123123\",\r\n  \"id\": \"12312312F\",\r\n  \"telefono\": \"651123221\",\r\n  \"domicilio\": \"Calle el alabaricoque, n10 - 38000 - Albacete\",\r\n  \"nombreApellidos\": \"Federico Trillo\"\r\n},\r\n{\r\n  \"compania\": \"BBVA\",\r\n  \"poliza\": \"1114414\",\r\n  \"id\": \"232256776T\",\r\n  \"telefono\": \"654448795\",\r\n  \"domicilio\": \"Calle gustave Eiffel, n32 - 38000 - Grenoble\",\r\n  \"nombreApellidos\": \"Gonzalo de Berceo\"\r\n},\r\n{\r\n  \"compania\": \"Santander\",\r\n  \"poliza\": \"65466\",\r\n  \"id\": \"987321654F\",\r\n  \"telefono\": \"987654321\",\r\n  \"domicilio\": \"Calle El quinto pino, n5 - 98655 - Leon\",\r\n  \"nombreApellidos\": \"Antonio Banderas\"\r\n},\r\n{\r\n  \"compania\": \"Santander\",\r\n  \"poliza\": \"42823\",\r\n  \"id\": \"123456678E\",\r\n  \"telefono\": \"666999888\",\r\n  \"domicilio\": \"Avenida America, n1 - 09500 - Burgos\",\r\n  \"nombreApellidos\": \"Richard Gere\"\r\n},\r\n{\r\n  \"compania\": \"Santander\",\r\n  \"poliza\": \"8768678\",\r\n  \"id\": \"951459988O\",\r\n  \"telefono\": \"654987321\",\r\n  \"domicilio\": \"Calle Benedicto papal, n99 - 45000 - Cordoba\",\r\n  \"nombreApellidos\": \"Francisco De Asis\"\r\n},{\r\n  \"compania\": \"BBVA\",\r\n  \"poliza\": \"123123\",\r\n  \"id\": \"12312312F\",\r\n  \"telefono\": \"651123221\",\r\n  \"domicilio\": \"Calle el alabaricoque, n10 - 38000 - Albacete\",\r\n  \"nombreApellidos\": \"Federico Trillo\"\r\n},\r\n{\r\n  \"compania\": \"BBVA\",\r\n  \"poliza\": \"1114414\",\r\n  \"id\": \"232256776T\",\r\n  \"telefono\": \"654448795\",\r\n  \"domicilio\": \"Calle gustave Eiffel, n32 - 38000 - Grenoble\",\r\n  \"nombreApellidos\": \"Gonzalo de Berceo\"\r\n},\r\n{\r\n  \"compania\": \"Santander\",\r\n  \"poliza\": \"65466\",\r\n  \"id\": \"987321654F\",\r\n  \"telefono\": \"987654321\",\r\n  \"domicilio\": \"Calle El quinto pino, n5 - 98655 - Leon\",\r\n  \"nombreApellidos\": \"Antonio Banderas\"\r\n},\r\n{\r\n  \"compania\": \"Santander\",\r\n  \"poliza\": \"42823\",\r\n  \"id\": \"123456678E\",\r\n  \"telefono\": \"666999888\",\r\n  \"domicilio\": \"Avenida America, n1 - 09500 - Burgos\",\r\n  \"nombreApellidos\": \"Richard Gere\"\r\n},\r\n{\r\n  \"compania\": \"Santander\",\r\n  \"poliza\": \"8768678\",\r\n  \"id\": \"951459988O\",\r\n  \"telefono\": \"654987321\",\r\n  \"domicilio\": \"Calle Benedicto papal, n99 - 45000 - Cordoba\",\r\n  \"nombreApellidos\": \"Francisco De Asis\"\r\n},\r\n{\r\n  \"compania\": \"BBVA\",\r\n  \"poliza\": \"123123\",\r\n  \"id\": \"12312312F\",\r\n  \"telefono\": \"651123221\",\r\n  \"domicilio\": \"Calle el alabaricoque, n10 - 38000 - Albacete\",\r\n  \"nombreApellidos\": \"Federico Trillo\"\r\n},\r\n{\r\n  \"compania\": \"BBVA\",\r\n  \"poliza\": \"1114414\",\r\n  \"id\": \"232256776T\",\r\n  \"telefono\": \"654448795\",\r\n  \"domicilio\": \"Calle gustave Eiffel, n32 - 38000 - Grenoble\",\r\n  \"nombreApellidos\": \"Gonzalo de Berceo\"\r\n},\r\n{\r\n  \"compania\": \"Santander\",\r\n  \"poliza\": \"65466\",\r\n  \"id\": \"987321654F\",\r\n  \"telefono\": \"987654321\",\r\n  \"domicilio\": \"Calle El quinto pino, n5 - 98655 - Leon\",\r\n  \"nombreApellidos\": \"Antonio Banderas\"\r\n},\r\n{\r\n  \"compania\": \"Santander\",\r\n  \"poliza\": \"42823\",\r\n  \"id\": \"123456678E\",\r\n  \"telefono\": \"666999888\",\r\n  \"domicilio\": \"Avenida America, n1 - 09500 - Burgos\",\r\n  \"nombreApellidos\": \"Richard Gere\"\r\n},\r\n{\r\n  \"compania\": \"Santander\",\r\n  \"poliza\": \"8768678\",\r\n  \"id\": \"951459988O\",\r\n  \"telefono\": \"654987321\",\r\n  \"domicilio\": \"Calle Benedicto papal, n99 - 45000 - Cordoba\",\r\n  \"nombreApellidos\": \"Francisco De Asis\"\r\n},{\r\n  \"compania\": \"BBVA\",\r\n  \"poliza\": \"123123\",\r\n  \"id\": \"12312312F\",\r\n  \"telefono\": \"651123221\",\r\n  \"domicilio\": \"Calle el alabaricoque, n10 - 38000 - Albacete\",\r\n  \"nombreApellidos\": \"Federico Trillo\"\r\n},\r\n{\r\n  \"compania\": \"BBVA\",\r\n  \"poliza\": \"1114414\",\r\n  \"id\": \"232256776T\",\r\n  \"telefono\": \"654448795\",\r\n  \"domicilio\": \"Calle gustave Eiffel, n32 - 38000 - Grenoble\",\r\n  \"nombreApellidos\": \"Gonzalo de Berceo\"\r\n},\r\n{\r\n  \"compania\": \"Santander\",\r\n  \"poliza\": \"65466\",\r\n  \"id\": \"987321654F\",\r\n  \"telefono\": \"987654321\",\r\n  \"domicilio\": \"Calle El quinto pino, n5 - 98655 - Leon\",\r\n  \"nombreApellidos\": \"Antonio Banderas\"\r\n},\r\n{\r\n  \"compania\": \"Santander\",\r\n  \"poliza\": \"42823\",\r\n  \"id\": \"123456678E\",\r\n  \"telefono\": \"666999888\",\r\n  \"domicilio\": \"Avenida America, n1 - 09500 - Burgos\",\r\n  \"nombreApellidos\": \"Richard Gere\"\r\n},\r\n{\r\n  \"compania\": \"Santander\",\r\n  \"poliza\": \"8768678\",\r\n  \"id\": \"951459988O\",\r\n  \"telefono\": \"654987321\",\r\n  \"domicilio\": \"Calle Benedicto papal, n99 - 45000 - Cordoba\",\r\n  \"nombreApellidos\": \"Francisco De Asis\"\r\n},\r\n{\r\n  \"compania\": \"BBVA\",\r\n  \"poliza\": \"123123\",\r\n  \"id\": \"12312312F\",\r\n  \"telefono\": \"651123221\",\r\n  \"domicilio\": \"Calle el alabaricoque, n10 - 38000 - Albacete\",\r\n  \"nombreApellidos\": \"Federico Trillo\"\r\n},\r\n{\r\n  \"compania\": \"BBVA\",\r\n  \"poliza\": \"1114414\",\r\n  \"id\": \"232256776T\",\r\n  \"telefono\": \"654448795\",\r\n  \"domicilio\": \"Calle gustave Eiffel, n32 - 38000 - Grenoble\",\r\n  \"nombreApellidos\": \"Gonzalo de Berceo\"\r\n},\r\n{\r\n  \"compania\": \"Santander\",\r\n  \"poliza\": \"65466\",\r\n  \"id\": \"987321654F\",\r\n  \"telefono\": \"987654321\",\r\n  \"domicilio\": \"Calle El quinto pino, n5 - 98655 - Leon\",\r\n  \"nombreApellidos\": \"Antonio Banderas\"\r\n},\r\n{\r\n  \"compania\": \"Santander\",\r\n  \"poliza\": \"42823\",\r\n  \"id\": \"123456678E\",\r\n  \"telefono\": \"666999888\",\r\n  \"domicilio\": \"Avenida America, n1 - 09500 - Burgos\",\r\n  \"nombreApellidos\": \"Richard Gere\"\r\n},\r\n{\r\n  \"compania\": \"Santander\",\r\n  \"poliza\": \"8768678\",\r\n  \"id\": \"951459988O\",\r\n  \"telefono\": \"654987321\",\r\n  \"domicilio\": \"Calle Benedicto papal, n99 - 45000 - Cordoba\",\r\n  \"nombreApellidos\": \"Francisco De Asis\"\r\n},\r\n{\r\n  \"compania\": \"BBVA\",\r\n  \"poliza\": \"123123\",\r\n  \"id\": \"12312312F\",\r\n  \"telefono\": \"651123221\",\r\n  \"domicilio\": \"Calle el alabaricoque, n10 - 38000 - Albacete\",\r\n  \"nombreApellidos\": \"Federico Trillo\"\r\n},\r\n{\r\n  \"compania\": \"BBVA\",\r\n  \"poliza\": \"1114414\",\r\n  \"id\": \"232256776T\",\r\n  \"telefono\": \"654448795\",\r\n  \"domicilio\": \"Calle gustave Eiffel, n32 - 38000 - Grenoble\",\r\n  \"nombreApellidos\": \"Gonzalo de Berceo\"\r\n},\r\n{\r\n  \"compania\": \"Santander\",\r\n  \"poliza\": \"65466\",\r\n  \"id\": \"987321654F\",\r\n  \"telefono\": \"987654321\",\r\n  \"domicilio\": \"Calle El quinto pino, n5 - 98655 - Leon\",\r\n  \"nombreApellidos\": \"Antonio Banderas\"\r\n},\r\n{\r\n  \"compania\": \"Santander\",\r\n  \"poliza\": \"42823\",\r\n  \"id\": \"123456678E\",\r\n  \"telefono\": \"666999888\",\r\n  \"domicilio\": \"Avenida America, n1 - 09500 - Burgos\",\r\n  \"nombreApellidos\": \"Richard Gere\"\r\n},\r\n{\r\n  \"compania\": \"Santander\",\r\n  \"poliza\": \"8768678\",\r\n  \"id\": \"951459988O\",\r\n  \"telefono\": \"654987321\",\r\n  \"domicilio\": \"Calle Benedicto papal, n99 - 45000 - Cordoba\",\r\n  \"nombreApellidos\": \"Francisco De Asis\"\r\n}\r\n]","exposed":false},"temp":{"type":"json","value":"{}","exposed":false}}}